"Bug","Assignee","Base","vim-main","cloud5561","vr56ep6","vsphere60u3","cloud8011","vr60ep3","sp-stabilization","vum-60u3","vmkernel-main","vsphere60u3ps","vr581-ep2","sp-pre-release","main","cloud5651","view-linuxagent-main","vsphere60p04ps","view-linuxagent-16q2","vum-60p03","sp-main","view623","vr611","cloud802","vsphere60p03","vsphere60p04"
"1450245","Saurabh Pandey","","","","","","","","","","","","","","","","","","","","","","","1450245","",""
"1645766","Saurabh Pandey","1628361","1629346","","","","","","1638250","","1629346","","","","","","","","","","1638250","","","1645766","",""
"1649964","Saurabh Pandey","1645301","","1603961","1537550","1591197","1647677
    
    
    
       
			
			
        
             
    
    
    
       
			
			
        
             
    
    
    
       
			
			
        
             
    
    
    
       
			
			
        
             
    
    
    
       
			
			
        
             
    
    
    
       
			
			
        
             
    
    
    
       
			
			
        
             
    
    
    
       
			
			
        
             
    
    
    
       
			
			
        
             
    
    
    
       
			
			
        
             
    
    
    
       
			
			
        
             
    
    
    
       
			
			
        
             
    
    
    
       
			
			
        
             
    
    
    
       
			
			
        
             
    
    
    
       
			
			
        
             
    
    
    
       
			
			
        
             
    
    
    
       
			
			
        
             
    
    
    
       
			
			
        
             
    
    
    
       
			
			
        
             
    
    
    
       
			
			
			


    
					
			
			

       1649964","1537548","","1674513","","1591197","1537549","","1648550
    
    
    
       
			
			
        
             
    
    
    
       
			
			
        
             
    
    
    
       
			
			
        
             
    
    
    
       
			
			
        
             
    
        1649271","1648120","1645800","1591197","1645800","1674513","","1647157","1645423","1649964","1590266
    
    
    
       
			
			
        
             
    
    
    
       
			
			
        
             
    
    
    
       
			
			
        
             
    
    
    
       
			
			
        
             
    
    
    
       
			
			
        
             
    
    
    
       
			
			
        
             
    
    
    
       
			
			
        
             
    
    
    
       
			
			
        
             
    
    
    
       
			
			
        
             
    
        1591197
    
    
    
       
			
			
        
             
    
    
    
       
			
			
        
             
    
    
    
       
			
			
        
             
    
    
    
       
			
			
        
             
    
    
    
       
			
			
        
             
    
    
    
       
			
			
        
             
    
    
    
       
			
			
        
             
    
    
    
       
			
			
        
             
    
    
    
       
			
			
        
             
    
    
    
       
			
			
        
             
    
    
    
       
			
			
        
             
    
    
    
       
			
			
        
             
    
    
    
       
			
			
        
             
    
    
    
       
			
			
        
             
    
    
    
       
			
			
        
             
    
    
    
       
			
			
        
             
    
    
    
       
			
			
        
             
    
    
    
       
			
			
        
             
    
    
    
       
			
			
        
             
    
    
    
       
			
			
        
             
    
    
    
       
			
			
        
             
    
    
    
       
			
			
        
             
    
    
    
       
			
			
        
             
    
    
    
       
			
			
        
             
    
    
    
       
			
			
        
             
    
    
    
       
			
			
        
             
    
    
    
       
			
			
        
             
    
    
    
       
			
			
        
             
    
    
    
       
			
			
        
             
    
        1674513","1591197"
"1656339","Saurabh Pandey","1656263","","","","","","","1656411","","","","","1656411","","","","","","","1656411","","","1656339","",""